{
        "name": "rid-mcmc",
        "init_models": ["model_000.pb","model_001.pb","model_002.pb","model_003.pb"],
        
        "MCMC_Config": {
            "cv_dimension": 13,
            "numb_steps": 100000,
            "numb_walkers": 2000,
            "temperature": 300,
            "cv_upper_bound": [5.33507,4.43402,4.59772,3.40287,4.67268,5.12813,3.28143,3.74967,3.58144,5.34143,7.13014,4.58024,7.41678],
            "cv_lower_bound": [2.38722,0.99005,3.99886,2.08580,3.81799,3.93331,2.768175,3.145618,3.161886,4.661101,5.286805,4.076754,2.893047],
            "proj_info": {
                "proj_mode": "path",
                "proj_cv_index": [0,1,2,3],
                "path_list": [[2.38722,0.99005,3.99886,2.08580],[2.64067,1.20917,3.73831,1.86004],[2.90639,1.50430,3.47935,1.65185],
                [3.18130,1.83919,3.22240,1.46871],[3.46322,2.19574,2.96795,1.32108],[3.75057,2.56491,2.71672,1.22191],
                [4.04218,2.94198,2.46968,1.18344],[4.33720,3.32424,2.22824,1.21147],[4.63498,3.71010,1.99443,1.30170]],
                "path_lm": 0.25
            },
            "cv_type": "dis",
            "bins": 101
        }
    
}